{"cameraMode":{"drawMode":0,"name":"Shaded","section":"Shading Mode"},"sceneLighting":true,"audioPlay":false,"sceneViewState":{"m_AlwaysRefresh":true,"showFog":true,"showSkybox":true,"showFlares":true,"showImageEffects":true,"showParticleSystems":true,"showVisualEffectGraphs":true,"m_FxEnabled":true},"in2DMode":false,"pivot":{"x":-101.09444427490235,"y":40.942344665527347,"z":-486.2630920410156},"rotation":{"x":-0.07960068434476853,"y":0.9177936315536499,"z":-0.23417435586452485,"w":-0.3109855055809021},"size":4.1945013999938969,"orthographic":false}