{"cameraMode":{"drawMode":0,"name":"Shaded","section":"Shading Mode"},"sceneLighting":true,"audioPlay":false,"sceneViewState":{"m_AlwaysRefresh":true,"showFog":true,"showSkybox":true,"showFlares":true,"showImageEffects":true,"showParticleSystems":true,"showVisualEffectGraphs":true,"m_FxEnabled":true},"in2DMode":false,"pivot":{"x":24.54587173461914,"y":22.674699783325197,"z":-37.425323486328128},"rotation":{"x":-0.07451426982879639,"y":0.7242957949638367,"z":-0.07912639528512955,"w":-0.6809746026992798},"size":10.560118675231934,"orthographic":false}