{"cameraMode":{"drawMode":0,"name":"Shaded","section":"Shading Mode"},"sceneLighting":true,"audioPlay":false,"sceneViewState":{"m_AlwaysRefresh":true,"showFog":true,"showSkybox":true,"showFlares":true,"showImageEffects":true,"showParticleSystems":true,"showVisualEffectGraphs":true,"m_FxEnabled":false},"in2DMode":false,"pivot":{"x":-87.41331481933594,"y":17.244726181030275,"z":-494.48974609375},"rotation":{"x":0.00013370029046200216,"y":0.9953343272209168,"z":-0.0023954990319907667,"w":0.09727350622415543},"size":15.01755142211914,"orthographic":false}